,Names
0,Liam
1,Noah
2,Oliver
3,William
4,Elijah
5,James
6,Benjamin
7,Lucas
8,Mason
9,Ethan
10,Alexander
11,Henry
12,Jacob
13,Michael
14,Daniel
15,Logan
16,Jackson
17,Sebastian
18,Jack
19,Aiden
20,Owen
21,Samuel
22,Matthew
23,Joseph
24,Levi
25,Mateo
26,David
27,John
28,Wyatt
29,Carter
30,Julian
31,Luke
32,Grayson
33,Isaac
34,Jayden
35,Theodore
36,Gabriel
37,Anthony
38,Dylan
39,Leo
40,Lincoln
41,Jaxon
42,Asher
43,Christopher
44,Josiah
45,Andrew
46,Thomas
47,Joshua
48,Ezra
49,Hudson
50,Charles
51,Caleb
52,Isaiah
53,Ryan
54,Nathan
55,Adrian
56,Christian
57,Maverick
58,Colton
59,Elias
60,Aaron
61,Eli
62,Landon
63,Jonathan
64,Nolan
65,Hunter
66,Cameron
67,Connor
68,Santiago
69,Jeremiah
70,Ezekiel
71,Angel
72,Roman
73,Easton
74,Miles
75,Robert
76,Jameson
77,Nicholas
78,Greyson
79,Cooper
80,Ian
81,Carson
82,Axel
83,Jaxson
84,Dominic
85,Leonardo
86,Luca
87,Austin
88,Jordan
89,Adam
90,Xavier
91,Jose
92,Jace
93,Everett
94,Declan
95,Evan
96,Kayden
97,Parker
98,Wesley
99,Kai
100,Brayden
101,Bryson
102,Weston
103,Jason
104,Emmett
105,Sawyer
106,Silas
107,Bennett
108,Brooks
109,Micah
110,Damian
111,Harrison
112,Waylon
113,Ayden
114,Vincent
115,Ryder
116,Kingston
117,Rowan
118,George
119,Luis
120,Chase
121,Cole
122,Nathaniel
123,Zachary
124,Ashton
125,Braxton
126,Gavin
127,Tyler
128,Diego
129,Bentley
130,Amir
131,Beau
132,Gael
133,Carlos
134,Ryker
135,Jasper
136,Max
137,Juan
138,Ivan
139,Brandon
140,Jonah
141,Giovanni
142,Kaiden
143,Myles
144,Calvin
145,Lorenzo
146,Maxwell
147,Jayce
148,Kevin
149,Legend
150,Tristan
151,Jesus
152,Jude
153,Zion
154,Justin
155,Maddox
156,Abel
157,King
158,Camden
159,Elliott
160,Malachi
161,Milo
162,Emmanuel
163,Karter
164,Rhett
165,Alex
166,August
167,River
168,Xander
169,Antonio
170,Brody
171,Finn
172,Elliot
173,Dean
174,Emiliano
175,Eric
176,Miguel
177,Arthur
178,Matteo
179,Graham
180,Alan
181,Nicolas
182,Blake
183,Thiago
184,Adriel
185,Victor
186,Joel
187,Timothy
188,Hayden
189,Judah
190,Abraham
191,Edward
192,Messiah
193,Zayden
194,Theo
195,Tucker
196,Grant
197,Richard
198,Alejandro
199,Steven
200,Jesse
201,Dawson
202,Bryce
203,Avery
204,Oscar
205,Patrick
206,Archer
207,Barrett
208,Leon
209,Colt
210,Charlie
211,Peter
212,Kaleb
213,Lukas
214,Beckett
215,Jeremy
216,Preston
217,Enzo
218,Luka
219,Andres
220,Marcus
221,Felix
222,Mark
223,Ace
224,Brantley
225,Atlas
226,Remington
227,Maximus
228,Matias
229,Walker
230,Kyrie
231,Griffin
232,Kenneth
233,Israel
234,Javier
235,Kyler
236,Jax
237,Amari
238,Zane
239,Emilio
240,Knox
241,Adonis
242,Aidan
243,Kaden
244,Paul
245,Omar
246,Brian
247,Louis
248,Caden
249,Maximiliano
250,Holden
251,Paxton
252,Nash
253,Bradley
254,Bryan
255,Simon
256,Phoenix
257,Lane
258,Josue
259,Colin
260,Rafael
261,Kyle
262,Riley
263,Jorge
264,Beckham
265,Cayden
266,Jaden
267,Emerson
268,Ronan
269,Karson
270,Arlo
271,Tobias
272,Brady
273,Clayton
274,Francisco
275,Zander
276,Erick
277,Walter
278,Daxton
279,Cash
280,Martin
281,Damien
282,Dallas
283,Cody
284,Chance
285,Jensen
286,Finley
287,Jett
288,Corbin
289,Kash
290,Reid
291,Kameron
292,Andre
293,Gunner
294,Jake
295,Hayes
296,Manuel
297,Prince
298,Bodhi
299,Cohen
300,Sean
301,Khalil
302,Hendrix
303,Derek
304,Cristian
305,Cruz
306,Kairo
307,Dante
308,Atticus
309,Killian
310,Stephen
311,Orion
312,Malakai
313,Ali
314,Eduardo
315,Fernando
316,Anderson
317,Angelo
318,Spencer
319,Gideon
320,Mario
321,Titus
322,Travis
323,Rylan
324,Kayson
325,Ricardo
326,Tanner
327,Malcolm
328,Raymond
329,Odin
330,Cesar
331,Lennox
332,Joaquin
333,Kane
334,Wade
335,Muhammad
336,Iker
337,Jaylen
338,Crew
339,Zayn
340,Hector
341,Ellis
342,Leonel
343,Cairo
344,Garrett
345,Romeo
346,Dakota
347,Edwin
348,Warren
349,Julius
350,Major
351,Donovan
352,Caiden
353,Tyson
354,Nico
355,Sergio
356,Nasir
357,Rory
358,Devin
359,Jaiden
360,Jared
361,Kason
362,Malik
363,Jeffrey
364,Ismael
365,Elian
366,Marshall
367,Lawson
368,Desmond
369,Winston
370,Nehemiah
371,Ari
372,Conner
373,Jay
374,Kade
375,Andy
376,Johnny
377,Jayceon
378,Marco
379,Seth
380,Ibrahim
381,Raiden
382,Collin
383,Edgar
384,Erik
385,Troy
386,Clark
387,Jaxton
388,Johnathan
389,Gregory
390,Russell
391,Royce
392,Fabian
393,Ezequiel
394,Noel
395,Pablo
396,Cade
397,Pedro
398,Sullivan
399,Trevor
400,Reed
401,Quinn
402,Frank
403,Harvey
404,Princeton
405,Zayne
406,Matthias
407,Conor
408,Sterling
409,Dax
410,Grady
411,Cyrus
412,Gage
413,Leland
414,Solomon
415,Emanuel
416,Niko
417,Ruben
418,Kasen
419,Mathias
420,Kashton
421,Franklin
422,Remy
423,Shane
424,Kendrick
425,Shawn
426,Otto
427,Armani
428,Keegan
429,Finnegan
430,Memphis
431,Bowen
432,Dominick
433,Kolton
434,Jamison
435,Allen
436,Philip
437,Tate
438,Peyton
439,Jase
440,Oakley
441,Rhys
442,Kyson
443,Adan
444,Esteban
445,Dalton
446,Gianni
447,Callum
448,Sage
449,Alexis
450,Milan
451,Moises
452,Jonas
453,Uriel
454,Colson
455,Marcos
456,Zaiden
457,Hank
458,Damon
459,Hugo
460,Ronin
461,Royal
462,Kamden
463,Dexter
464,Luciano
465,Alonzo
466,Augustus
467,Kamari
468,Eden
469,Roberto
470,Baker
471,Bruce
472,Kian
473,Albert
474,Frederick
475,Mohamed
476,Abram
477,Omari
478,Porter
479,Enrique
480,Alijah
481,Francis
482,Leonidas
483,Zachariah
484,Landen
485,Wilder
486,Apollo
487,Santino
488,Tatum
489,Pierce
490,Forrest
491,Corey
492,Derrick
493,Isaias
494,Kaison
495,Kieran
496,Arjun
497,Gunnar
498,Rocco
499,Emmitt
500,Abdiel
501,Braylen
502,Maximilian
503,Skyler
504,Phillip
505,Benson
506,Cannon
507,Deacon
508,Dorian
509,Asa
510,Moses
511,Ayaan
512,Jayson
513,Raul
514,Briggs
515,Armando
516,Nikolai
517,Cassius
518,Drew
519,Rodrigo
520,Raphael
521,Danny
522,Conrad
523,Moshe
524,Zyaire
525,Julio
526,Casey
527,Ronald
528,Scott
529,Callan
530,Roland
531,Saul
532,Jalen
533,Brycen
534,Ryland
535,Lawrence
536,Davis
537,Rowen
538,Zain
539,Ermias
540,Jaime
541,Duke
542,Stetson
543,Alec
544,Yusuf
545,Case
546,Trenton
547,Callen
548,Ariel
549,Jasiah
550,Soren
551,Dennis
552,Donald
553,Keith
554,Izaiah
555,Lewis
556,Kylan
557,Kobe
558,Makai
559,Rayan
560,Ford
561,Zaire
562,Landyn
563,Roy
564,Bo
565,Chris
566,Jamari
567,Ares
568,Mohammad
569,Darius
570,Drake
571,Tripp
572,Marcelo
573,Samson
574,Dustin
575,Layton
576,Gerardo
577,Johan
578,Kaysen
579,Keaton
580,Reece
581,Chandler
582,Lucca
583,Mack
584,Baylor
585,Kannon
586,Marvin
587,Huxley
588,Nixon
589,Tony
590,Cason
591,Mauricio
592,Quentin
593,Edison
594,Quincy
595,Ahmed
596,Finnley
597,Justice
598,Taylor
599,Gustavo
600,Brock
601,Ahmad
602,Kyree
603,Arturo
604,Nikolas
605,Boston
606,Sincere
607,Alessandro
608,Braylon
609,Colby
610,Leonard
611,Ridge
612,Trey
613,Aden
614,Leandro
615,Sam
616,Uriah
617,Ty
618,Sylas
619,Axton
620,Issac
621,Fletcher
622,Julien
623,Wells
624,Alden
625,Vihaan
626,Jamir
627,Valentino
628,Shepherd
629,Keanu
630,Hezekiah
631,Lionel
632,Kohen
633,Zaid
634,Alberto
635,Neil
636,Denver
637,Aarav
638,Brendan
639,Dillon
640,Koda
641,Sutton
642,Kingsley
643,Sonny
644,Alfredo
645,Wilson
646,Harry
647,Jaziel
648,Salvador
649,Cullen
650,Hamza
651,Dariel
652,Rex
653,Zeke
654,Mohammed
655,Nelson
656,Boone
657,Ricky
658,Santana
659,Cayson
660,Lance
661,Raylan
662,Lucian
663,Eliel
664,Alvin
665,Jagger
666,Braden
667,Curtis
668,Mathew
669,Jimmy
670,Kareem
671,Archie
672,Amos
673,Quinton
674,Yosef
675,Bodie
676,Jerry
677,Langston
678,Axl
679,Stanley
680,Clay
681,Douglas
682,Layne
683,Titan
684,Tomas
685,Houston
686,Darren
687,Lachlan
688,Kase
689,Korbin
690,Leighton
691,Joziah
692,Samir
693,Watson
694,Colten
695,Roger
696,Shiloh
697,Tommy
698,Mitchell
699,Azariah
700,Noe
701,Talon
702,Deandre
703,Lochlan
704,Joe
705,Carmelo
706,Otis
707,Randy
708,Byron
709,Chaim
710,Lennon
711,Devon
712,Nathanael
713,Bruno
714,Aryan
715,Flynn
716,Vicente
717,Brixton
718,Kyro
719,Brennan
720,Casen
721,Kenzo
722,Orlando
723,Castiel
724,Rayden
725,Ben
726,Grey
727,Jedidiah
728,Tadeo
729,Morgan
730,Augustine
731,Mekhi
732,Abdullah
733,Ramon
734,Saint
735,Emery
736,Maurice
737,Jefferson
738,Maximo
739,Koa
740,Ray
741,Jamie
742,Eddie
743,Guillermo
744,Onyx
745,Thaddeus
746,Wayne
747,Hassan
748,Alonso
749,Dash
750,Elisha
751,Jaxxon
752,Rohan
753,Carl
754,Kelvin
755,Jon
756,Larry
757,Reese
758,Aldo
759,Marcel
760,Melvin
761,Yousef
762,Aron
763,Kace
764,Vincenzo
765,Kellan
766,Miller
767,Jakob
768,Reign
769,Kellen
770,Kristopher
771,Ernesto
772,Briar
773,Gary
774,Trace
775,Joey
776,Clyde
777,Enoch
778,Jaxx
779,Crosby
780,Magnus
781,Fisher
782,Jadiel
783,Bronson
784,Eugene
785,Lee
786,Brecken
787,Atreus
788,Madden
789,Khari
790,Caspian
791,Ishaan
792,Kristian
793,Westley
794,Hugh
795,Kamryn
796,Musa
797,Rey
798,Thatcher
799,Alfred
800,Emory
801,Kye
802,Reyansh
803,Yahir
804,Cain
805,Mordechai
806,Zayd
807,Demetrius
808,Harley
809,Felipe
810,Louie
811,Branson
812,Graysen
813,Allan
814,Kole
815,Harold
816,Alvaro
817,Harlan
818,Amias
819,Brett
820,Khalid
821,Misael
822,Westin
823,Zechariah
824,Aydin
825,Kaiser
826,Lian
827,Bryant
828,Junior
829,Legacy
830,Ulises
831,Bellamy
832,Brayan
833,Kody
834,Ledger
835,Eliseo
836,Gordon
837,London
838,Rocky
839,Valentin
840,Terry
841,Damari
842,Trent
843,Bentlee
844,Canaan
845,Gatlin
846,Kiaan
847,Franco
848,Eithan
849,Idris
850,Krew
851,Yehuda
852,Marlon
853,Rodney
854,Creed
855,Salvatore
856,Stefan
857,Tristen
858,Adrien
859,Jamal
860,Judson
861,Camilo
862,Kenny
863,Nova
864,Robin
865,Rudy
866,Van
867,Bjorn
868,Brodie
869,Mac
870,Jacoby
871,Sekani
872,Vivaan
873,Blaine
874,Ira
875,Ameer
876,Dominik
877,Alaric
878,Dane
879,Jeremias
880,Kyng
881,Reginald
882,Bobby
883,Kabir
884,Jairo
885,Alexzander
886,Benicio
887,Vance
888,Wallace
889,Zavier
890,Billy
891,Callahan
892,Dakari
893,Gerald
894,Turner
895,Bear
896,Jabari
897,Cory
898,Fox
899,Harlem
900,Jakari
901,Jeffery
902,Maxton
903,Ronnie
904,Yisroel
905,Zakai
906,Bridger
907,Remi
908,Arian
909,Blaze
910,Forest
911,Genesis
912,Jerome
913,Reuben
914,Wesson
915,Anders
916,Banks
917,Calum
918,Dayton
919,Kylen
920,Dangelo
921,Emir
922,Malakhi
923,Salem
924,Blaise
925,Tru
926,Boden
927,Kolten
928,Kylo
929,Aries
930,Henrik
931,Kalel
932,Landry
933,Marcellus
934,Zahir
935,Lyle
936,Dario
937,Rene
938,Terrance
939,Xzavier
940,Alfonso
941,Darian
942,Kylian
943,Maison
944,Foster
945,Keenan
946,Yahya
947,Heath
948,Javion
949,Jericho
950,Aziel
951,Darwin
952,Marquis
953,Mylo
954,Ambrose
955,Anakin
956,Jordy
957,Juelz
958,Toby
959,Yael
960,Azrael
961,Brentley
962,Tristian
963,Bode
964,Jovanni
965,Santos
966,Alistair
967,Braydon
968,Kamdyn
969,Marc
970,Mayson
971,Niklaus
972,Simeon
973,Colter
974,Davion
975,Leroy
976,Ayan
977,Dilan
978,Ephraim
979,Anson
980,Merrick
981,Wes
982,Will
983,Jaxen
984,Maxim
985,Howard
986,Jad
987,Jesiah
988,Ignacio
989,Zyon
990,Ahmir
991,Jair
992,Mustafa
993,Jermaine
994,Yadiel
995,Aayan
996,Dhruv
997,Seven
998,Stone
999,"Rome
"
1000,Olivia
1001,Emma
1002,Ava
1003,Sophia
1004,Isabella
1005,Charlotte
1006,Amelia
1007,Mia
1008,Harper
1009,Evelyn
1010,Abigail
1011,Emily
1012,Ella
1013,Elizabeth
1014,Camila
1015,Luna
1016,Sofia
1017,Avery
1018,Mila
1019,Aria
1020,Scarlett
1021,Penelope
1022,Layla
1023,Chloe
1024,Victoria
1025,Madison
1026,Eleanor
1027,Grace
1028,Nora
1029,Riley
1030,Zoey
1031,Hannah
1032,Hazel
1033,Lily
1034,Ellie
1035,Violet
1036,Lillian
1037,Zoe
1038,Stella
1039,Aurora
1040,Natalie
1041,Emilia
1042,Everly
1043,Leah
1044,Aubrey
1045,Willow
1046,Addison
1047,Lucy
1048,Audrey
1049,Bella
1050,Nova
1051,Brooklyn
1052,Paisley
1053,Savannah
1054,Claire
1055,Skylar
1056,Isla
1057,Genesis
1058,Naomi
1059,Elena
1060,Caroline
1061,Eliana
1062,Anna
1063,Maya
1064,Valentina
1065,Ruby
1066,Kennedy
1067,Ivy
1068,Ariana
1069,Aaliyah
1070,Cora
1071,Madelyn
1072,Alice
1073,Kinsley
1074,Hailey
1075,Gabriella
1076,Allison
1077,Gianna
1078,Serenity
1079,Samantha
1080,Sarah
1081,Autumn
1082,Quinn
1083,Eva
1084,Piper
1085,Sophie
1086,Sadie
1087,Delilah
1088,Josephine
1089,Nevaeh
1090,Adeline
1091,Arya
1092,Emery
1093,Lydia
1094,Clara
1095,Vivian
1096,Madeline
1097,Peyton
1098,Julia
1099,Rylee
1100,Brielle
1101,Reagan
1102,Natalia
1103,Jade
1104,Athena
1105,Maria
1106,Leilani
1107,Everleigh
1108,Liliana
1109,Melanie
1110,Mackenzie
1111,Hadley
1112,Raelynn
1113,Kaylee
1114,Rose
1115,Arianna
1116,Isabelle
1117,Melody
1118,Eliza
1119,Lyla
1120,Katherine
1121,Aubree
1122,Adalynn
1123,Kylie
1124,Faith
1125,Mary
1126,Margaret
1127,Ximena
1128,Iris
1129,Alexandra
1130,Jasmine
1131,Charlie
1132,Amaya
1133,Taylor
1134,Isabel
1135,Ashley
1136,Khloe
1137,Ryleigh
1138,Alexa
1139,Amara
1140,Valeria
1141,Andrea
1142,Parker
1143,Norah
1144,Eden
1145,Elliana
1146,Brianna
1147,Emersyn
1148,Valerie
1149,Anastasia
1150,Eloise
1151,Emerson
1152,Cecilia
1153,Remi
1154,Josie
1155,Alina
1156,Reese
1157,Bailey
1158,Lucia
1159,Adalyn
1160,Molly
1161,Ayla
1162,Sara
1163,Daisy
1164,London
1165,Jordyn
1166,Esther
1167,Genevieve
1168,Harmony
1169,Annabelle
1170,Alyssa
1171,Ariel
1172,Aliyah
1173,Londyn
1174,Juliana
1175,Morgan
1176,Summer
1177,Juliette
1178,Trinity
1179,Callie
1180,Sienna
1181,Blakely
1182,Alaia
1183,Kayla
1184,Teagan
1185,Alaina
1186,Brynlee
1187,Finley
1188,Catalina
1189,Sloane
1190,Rachel
1191,Lilly
1192,Ember
1193,Kimberly
1194,Juniper
1195,Sydney
1196,Arabella
1197,Gemma
1198,Jocelyn
1199,Freya
1200,June
1201,Lauren
1202,Amy
1203,Presley
1204,Georgia
1205,Journee
1206,Elise
1207,Rosalie
1208,Ada
1209,Laila
1210,Brooke
1211,Diana
1212,Olive
1213,River
1214,Payton
1215,Ariella
1216,Daniela
1217,Raegan
1218,Alayna
1219,Gracie
1220,Mya
1221,Blake
1222,Noelle
1223,Ana
1224,Leila
1225,Paige
1226,Lila
1227,Nicole
1228,Rowan
1229,Hope
1230,Ruth
1231,Alana
1232,Selena
1233,Marley
1234,Kamila
1235,Alexis
1236,Mckenzie
1237,Zara
1238,Millie
1239,Magnolia
1240,Kali
1241,Kehlani
1242,Catherine
1243,Maeve
1244,Adelyn
1245,Sawyer
1246,Elsie
1247,Lola
1248,Jayla
1249,Adriana
1250,Journey
1251,Vera
1252,Aspen
1253,Joanna
1254,Alivia
1255,Angela
1256,Dakota
1257,Camille
1258,Nyla
1259,Tessa
1260,Brooklynn
1261,Malia
1262,Makayla
1263,Rebecca
1264,Fiona
1265,Mariana
1266,Lena
1267,Julianna
1268,Vanessa
1269,Juliet
1270,Camilla
1271,Kendall
1272,Harley
1273,Cali
1274,Evangeline
1275,Mariah
1276,Jane
1277,Zuri
1278,Elaina
1279,Sage
1280,Amira
1281,Adaline
1282,Lia
1283,Charlee
1284,Delaney
1285,Lilah
1286,Miriam
1287,Angelina
1288,Mckenna
1289,Aniyah
1290,Phoebe
1291,Michelle
1292,Thea
1293,Hayden
1294,Maggie
1295,Lucille
1296,Amiyah
1297,Annie
1298,Alexandria
1299,Myla
1300,Vivienne
1301,Kiara
1302,Alani
1303,Margot
1304,Adelaide
1305,Briella
1306,Brynn
1307,Saylor
1308,Destiny
1309,Amari
1310,Evelynn
1311,Haven
1312,Phoenix
1313,Izabella
1314,Kaia
1315,Lilliana
1316,Harlow
1317,Alessandra
1318,Madilyn
1319,Nina
1320,Logan
1321,Adelynn
1322,Amina
1323,Kate
1324,Fatima
1325,Samara
1326,Winter
1327,Giselle
1328,Evie
1329,Arielle
1330,Jessica
1331,Talia
1332,Leia
1333,Gabriela
1334,Gracelyn
1335,Lexi
1336,Laura
1337,Makenzie
1338,Melissa
1339,Royalty
1340,Rylie
1341,Raelyn
1342,Gabrielle
1343,Paris
1344,Daleyza
1345,Joy
1346,Maisie
1347,Oakley
1348,Ariyah
1349,Kailani
1350,Alayah
1351,Stephanie
1352,Amora
1353,Willa
1354,Gracelynn
1355,Elle
1356,Keira
1357,Tatum
1358,Veronica
1359,Milani
1360,Felicity
1361,Paislee
1362,Allie
1363,Nylah
1364,Ariah
1365,Cassidy
1366,Lyric
1367,Madeleine
1368,Miracle
1369,Gwendolyn
1370,Octavia
1371,Dahlia
1372,Heidi
1373,Celeste
1374,Remington
1375,Makenna
1376,Everlee
1377,Scarlet
1378,Esmeralda
1379,Maci
1380,Lainey
1381,Jacqueline
1382,Kira
1383,Lana
1384,Brinley
1385,Demi
1386,Ophelia
1387,Lennon
1388,Reign
1389,Bristol
1390,Sabrina
1391,Alaya
1392,Jennifer
1393,Kenzie
1394,Angel
1395,Luciana
1396,Anaya
1397,Hallie
1398,Ryan
1399,Camryn
1400,Kinley
1401,Daniella
1402,Lilith
1403,Blair
1404,Amanda
1405,Collins
1406,Jordan
1407,Maliyah
1408,Rosemary
1409,Cataleya
1410,Kaylani
1411,Gia
1412,Alison
1413,Leighton
1414,Nadia
1415,Sutton
1416,Carolina
1417,Skye
1418,Alicia
1419,Regina
1420,Viviana
1421,Yaretzi
1422,Heaven
1423,Serena
1424,Raven
1425,Emely
1426,Carmen
1427,Wren
1428,Helen
1429,Charleigh
1430,Danielle
1431,Daphne
1432,Esme
1433,Nayeli
1434,Maddison
1435,Sarai
1436,Dylan
1437,Frances
1438,Elisa
1439,Mabel
1440,Skyler
1441,Jenna
1442,Emelia
1443,Kaitlyn
1444,Miranda
1445,Marlee
1446,Matilda
1447,Selah
1448,Jolene
1449,Wynter
1450,Hattie
1451,Bianca
1452,Haley
1453,Lorelei
1454,Mira
1455,Braelynn
1456,Annalise
1457,Madelynn
1458,Katie
1459,Palmer
1460,Aylin
1461,Elliott
1462,Kyla
1463,Rory
1464,Avianna
1465,Liana
1466,Shiloh
1467,Kalani
1468,Jada
1469,Kelsey
1470,Elianna
1471,Jimena
1472,Kora
1473,Kamryn
1474,Ainsley
1475,Averie
1476,Kensley
1477,Helena
1478,Holly
1479,Emory
1480,Macie
1481,Amber
1482,Zariah
1483,Erin
1484,Eve
1485,Kathryn
1486,Renata
1487,Kayleigh
1488,Emmy
1489,Celine
1490,Francesca
1491,Fernanda
1492,April
1493,Shelby
1494,Poppy
1495,Colette
1496,Meadow
1497,Nia
1498,Sierra
1499,Cheyenne
1500,Edith
1501,Oaklynn
1502,Kennedi
1503,Abby
1504,Danna
1505,Jazlyn
1506,Alessia
1507,Mikayla
1508,Alondra
1509,Addilyn
1510,Leona
1511,Mckinley
1512,Carter
1513,Maren
1514,Sylvia
1515,Alejandra
1516,Ariya
1517,Astrid
1518,Adrianna
1519,Charli
1520,Imani
1521,Maryam
1522,Christina
1523,Stevie
1524,Maia
1525,Adelina
1526,Dream
1527,Aisha
1528,Alanna
1529,Itzel
1530,Azalea
1531,Katelyn
1532,Kylee
1533,Leslie
1534,Madilynn
1535,Myra
1536,Virginia
1537,Remy
1538,Hanna
1539,Aleah
1540,Jaliyah
1541,Antonella
1542,Aviana
1543,Cameron
1544,Chelsea
1545,Cecelia
1546,Alia
1547,Mae
1548,Cadence
1549,Emberly
1550,Charley
1551,Janelle
1552,Mallory
1553,Kaliyah
1554,Elaine
1555,Gloria
1556,Jayleen
1557,Lorelai
1558,Malaysia
1559,Bethany
1560,Briana
1561,Beatrice
1562,Dorothy
1563,Rosie
1564,Jemma
1565,Noa
1566,Carly
1567,Mariam
1568,Anne
1569,Karina
1570,Emmalyn
1571,Ivory
1572,Ivanna
1573,Jamie
1574,Kara
1575,Aitana
1576,Jayda
1577,Justice
1578,Meredith
1579,Briar
1580,Skyla
1581,Khaleesi
1582,Dayana
1583,Julieta
1584,Katalina
1585,Kendra
1586,Oaklyn
1587,Ashlyn
1588,Armani
1589,Jazmin
1590,Kyra
1591,Angelica
1592,Zahra
1593,Dallas
1594,Johanna
1595,Elliot
1596,Macy
1597,Monroe
1598,Kimber
1599,Henley
1600,Ari
1601,Karsyn
1602,Lyanna
1603,Lilian
1604,Amalia
1605,Nola
1606,Dior
1607,Aleena
1608,Megan
1609,Michaela
1610,Amirah
1611,Cassandra
1612,Melany
1613,Legacy
1614,Reyna
1615,Alma
1616,Emmie
1617,Melina
1618,Siena
1619,Priscilla
1620,Ashlynn
1621,Savanna
1622,Sloan
1623,Tiana
1624,Aubrie
1625,Coraline
1626,Reina
1627,Allyson
1628,Kaydence
1629,Sasha
1630,Julie
1631,Alexia
1632,Irene
1633,Marilyn
1634,Greta
1635,Braelyn
1636,Emerie
1637,Lylah
1638,Nalani
1639,Monica
1640,Aileen
1641,Lauryn
1642,Anahi
1643,Aurelia
1644,Kassidy
1645,Rayna
1646,Romina
1647,Lillie
1648,Marie
1649,Rosa
1650,Saige
1651,Bonnie
1652,Kelly
1653,Xiomara
1654,Annabella
1655,Avah
1656,Lacey
1657,Anya
1658,Liberty
1659,Karen
1660,Mercy
1661,Zelda
1662,Baylee
1663,Chaya
1664,Kenna
1665,Roselyn
1666,Liv
1667,Mara
1668,Ensley
1669,Malani
1670,Malaya
1671,Hadassah
1672,Lyra
1673,Adley
1674,Galilea
1675,Jaylah
1676,Karla
1677,Nala
1678,Opal
1679,Aliza
1680,Milena
1681,Ailani
1682,Louisa
1683,Mina
1684,Kairi
1685,Clementine
1686,Louise
1687,Maleah
1688,Janiyah
1689,Marina
1690,Anika
1691,Julissa
1692,Bailee
1693,Hayley
1694,Jessie
1695,Laney
1696,Eileen
1697,Faye
1698,Kynlee
1699,Tiffany
1700,Lara
1701,Angie
1702,Joelle
1703,Rhea
1704,Calliope
1705,Jazmine
1706,Amani
1707,Haylee
1708,Aliana
1709,Leyla
1710,Jolie
1711,Kinslee
1712,Ryann
1713,Simone
1714,Milan
1715,Lennox
1716,Treasure
1717,Alora
1718,Ellis
1719,Rebekah
1720,Mikaela
1721,Lina
1722,Harmoni
1723,Yareli
1724,Giuliana
1725,Lea
1726,Harlee
1727,Elyse
1728,Frida
1729,Blaire
1730,Aya
1731,Laurel
1732,Meghan
1733,Pearl
1734,Zaylee
1735,Alena
1736,Holland
1737,Bria
1738,Rayne
1739,Bridget
1740,Zariyah
1741,Kori
1742,Frankie
1743,Clarissa
1744,Brylee
1745,Davina
1746,Rivka
1747,Cynthia
1748,Zaria
1749,Madalyn
1750,Paula
1751,Salem
1752,Amelie
1753,Madisyn
1754,Vienna
1755,Haisley
1756,Ainhoa
1757,Journi
1758,Karter
1759,Oaklee
1760,Livia
1761,Miley
1762,Adele
1763,Amaia
1764,Yara
1765,Averi
1766,Emmeline
1767,Kyleigh
1768,Princess
1769,Penny
1770,Sariyah
1771,Amayah
1772,Crystal
1773,Keyla
1774,Lilyana
1775,Linda
1776,Aniya
1777,Marianna
1778,Alaiya
1779,Noemi
1780,Chanel
1781,Estella
1782,Isabela
1783,Jillian
1784,Kallie
1785,Ellianna
1786,Elsa
1787,Itzayana
1788,Zora
1789,Estelle
1790,Chana
1791,Raina
1792,Royal
1793,Sunny
1794,Estrella
1795,Martha
1796,Ellen
1797,Kailey
1798,Maxine
1799,Clare
1800,Teresa
1801,Annika
1802,Kamilah
1803,Azariah
1804,Della
1805,Addyson
1806,Kai
1807,Lilianna
1808,Tinsley
1809,Yaritza
1810,Navy
1811,Winnie
1812,Andi
1813,Kamiyah
1814,Waverly
1815,Sky
1816,Amaris
1817,Ramona
1818,Saoirse
1819,Hana
1820,Judith
1821,Halle
1822,Laylah
1823,Novalee
1824,Jaycee
1825,Zaniyah
1826,Alianna
1827,Paulina
1828,Jayde
1829,Thalia
1830,Giovanna
1831,Gwen
1832,Iliana
1833,Elora
1834,Ezra
1835,Kaylie
1836,Braylee
1837,Mavis
1838,Ellison
1839,Margo
1840,Mylah
1841,Paisleigh
1842,Analia
1843,August
1844,Brittany
1845,Kaisley
1846,Belen
1847,Promise
1848,Amiya
1849,Dalary
1850,Veda
1851,Alisson
1852,Keilani
1853,Oakleigh
1854,Guadalupe
1855,Leanna
1856,Rosalyn
1857,Selene
1858,Theodora
1859,Kamari
1860,Anais
1861,Elodie
1862,Celia
1863,Dani
1864,Hunter
1865,Indie
1866,Kenia
1867,Nellie
1868,Belle
1869,Kataleya
1870,Lexie
1871,Miah
1872,Rylan
1873,Sylvie
1874,Valery
1875,Addilynn
1876,Dulce
1877,Marissa
1878,Meilani
1879,Natasha
1880,Jaylee
1881,Kimora
1882,Raquel
1883,Scarlette
1884,Aliya
1885,Nataly
1886,Whitney
1887,Corinne
1888,Denver
1889,Nathalie
1890,Kiera
1891,Milana
1892,Vada
1893,Violeta
1894,Luz
1895,Addisyn
1896,Casey
1897,Deborah
1898,Tori
1899,Zainab
1900,Erika
1901,Jenesis
1902,Avalynn
1903,Nancy
1904,Emmalynn
1905,Hadlee
1906,Heavenly
1907,Aubrielle
1908,Elisabeth
1909,Salma
1910,Adalee
1911,Landry
1912,Malayah
1913,Novah
1914,Egypt
1915,Ayleen
1916,Blessing
1917,Elina
1918,Joyce
1919,Myah
1920,Zoie
1921,Christine
1922,Jaelynn
1923,Persephone
1924,Chandler
1925,Emmaline
1926,Paloma
1927,Harleigh
1928,Noor
1929,Paola
1930,India
1931,Madalynn
1932,Rosalee
1933,Florence
1934,Maliah
1935,Flora
1936,Luella
1937,Patricia
1938,Whitley
1939,Carolyn
1940,Kathleen
1941,Keily
1942,Kiana
1943,Tenley
1944,Alyson
1945,Barbara
1946,Dana
1947,Yasmin
1948,Bexley
1949,Micah
1950,Tatiana
1951,Arden
1952,Aubriella
1953,Lindsey
1954,Emani
1955,Hailee
1956,Lisa
1957,Sevyn
1958,Fallon
1959,Magdalena
1960,Tinley
1961,Halo
1962,Lailah
1963,Arlette
1964,Ansley
1965,Esperanza
1966,Cleo
1967,Aila
1968,Emerald
1969,Jaelyn
1970,Karlee
1971,Kaya
1972,Ingrid
1973,Jewel
1974,Emilee
1975,Giana
1976,Paityn
1977,Zola
1978,Amoura
1979,Renee
1980,Ann
1981,Berkley
1982,Harriet
1983,Queen
1984,Sariah
1985,Beatrix
1986,Sandra
1987,Alannah
1988,Austyn
1989,Freyja
1990,Kaylin
1991,Samira
1992,Taliyah
1993,Hadleigh
1994,Kaiya
1995,Robin
1996,Luisa
1997,Zendaya
1998,Ariadne
1999,"Dixie
"
